Company,Response,Link
American Contract Systems / Owens & Minor,No response,
Arthrex Logistic Center,Received Apr 10,https://drive.google.com/file/d/1eDuS9j0sIDemtwCA3W82zpZX-lLJVMRy/view?usp=sharing
Becton Dickinson,Received Apr 10,https://drive.google.com/file/d/1zr9noA_t7RkT5vEimhn8xhWlbT2iCknr/view?usp=sharing
Boston Scientific,Received Apr 10,https://drive.google.com/file/d/1t6OxDUgbZSemrKv6fsVagaWAKK88ZXxZ/view?usp=sharing
B Braun / Breinigsville Distribution Center,No response,
Cardinal Health,Brief response,https://drive.google.com/file/d/1gajtU-APtx4m3P65RQcWXoNUkqBr0N47/view?usp=sharing
Chemence Medical Inc,No response,
Stryker ,No response,
ICU Medical,No response,
KPR,No response,
Medline,No response,
PR Hospital Supply,No response,
Sterilization Services V2,No response,
Teleflex LLC,No response,